6304, 14, 1, 2, 'Joe Bloggs', 20050101, 20050101, 'ADV-ARTICLE-2B', 'ADV-ARTICLE-2B', 'Advanced Article', 'An article featuring an image, header, sub-header, content, footer, and many link options.', '<div class="journal-adv-article-2b-container">\n	<h2>$header.getData()</h2>\n\n	<div class="hr"><hr /></div>\n\n	<div class="content-container">\n		<img class="article-image" src="$image.getData()" />\n\n		<h2>$subheader.getData()</h2>\n\n		<p>\n			$content.getData()\n\n			#if ($more-url.getData() != "")\n				&nbsp;&nbsp;&nbsp;&nbsp;<a href="$more-url.getData()">more <img src="@root_path@/image/image_gallery?img_id=11411" /></a>\n			#end\n		</p>\n\n		<div class="footer">\n			#if ($footer.getData() != "")\n				$footer.getData()\n			#end\n		</div>\n	</div>\n</div>', 'vm', 0, 6305, ''
6306, 14, 1, 2, 'Joe Bloggs', 20050101, 20050101, 'ADV-SECTION-4P', 'ADV-SECTION-4P', 'Four Panel Section', 'A section featuring a header, a right and left content panel, and a content footer.', '<div class="journal-adv-section-4p-container">\n	<div class="header">\n		<h2>$general-header.getData()</h2>\n	</div>\n	<div class="left">\n		<h2>$left-panel-header.getData()</h2>\n\n		<div class="left-content">\n			$left-panel-content.getData()\n		</div>\n	</div>\n	<div class="right">\n		<h2>$right-panel-header.getData()</h2>\n\n		<div class="right-content">\n			$right-panel-content.getData()\n		</div>\n	</div>\n	<div class="footer">\n		#if ($footer.getData() != "")\n			$footer.getData()\n		#else\n			<p>&nbsp</p>\n		#end\n	</div>\n</div>', 'vm', 0, 6307, ''
6308, 14, 1, 2, 'Joe Bloggs', 20050101, 20050101, 'BASIC-ARTICLE', 'BASIC-ARTICLE', 'Basic Article', 'A basic article that features a header, an image, a date, an article type, and a content area.', '<div class="journal-basic-article-container">\n	#if ($image.getData() != "")\n		#if ($image-link.getData() != "")\n			<a href="$image-link.getData()"\n\n			#if ($image-external-link && ($image-external-link.getData() == "true"))\n				target="_blank">\n			#else\n				>\n			#end\n		#end\n\n		<img src="$image.getData()" />\n\n		#if ($image-link.getData() != "")\n			</a>\n		#end\n	#end\n\n	#if ($header.getData() != "")\n		<h2>\n\n			#if ($header-link.getData() != "")\n				<a href="$header-link.getData()"\n\n				#if ($open-header-link-in-new-window.getData() == "true")\n					target="_blank">\n				#else\n					>\n				#end\n			#end\n\n			$header.getData()\n\n			#if ($header-link.getData() != "")\n				</a>\n			#end\n\n		</h2>\n	#end\n\n	#if (($date.getData() != "") || ($type.getData() != ""))\n		<p class="details">\n			#if ($date.getData() != "")\n				<span class="date">$date.getData()</span>\n			#else\n				&nbsp;\n			#end\n\n			#if ($type.getData() != "")\n				<span class="type">$type.getData()</span>\n			#else\n				&nbsp;\n			#end\n		</p>\n	#end\n\n	$content.getData()\n</div>', 'vm', 0, 6309, ''
6310, 14, 1, 2, 'Joe Bloggs', 20050101, 20050101, 'BASIC-CONTENT', 'BASIC-CONTENT', 'Basic Content', 'Content surrounded by a single div tag for easy customization.', '<div class="journal-basic-content-container">\n	$content.getData()\n</div>', 'vm', 0, 6311, ''
6312, 14, 1, 2, 'Joe Bloggs', 20050101, 20050101, 'BASIC-CONTENT-SIDEBAR', 'BASIC-CONTENT-SIDEBAR', 'Basic Content with Sidebar', 'Basic content with sidebar.', '<div class="journal-basic-content-sidebar-container">\n	<div class="sidebar $sidebar-location.getData()">\n		#if ($sidebar-content.getData() != "")\n			$sidebar-content.getData()\n		#else\n			No content defined. I suggest using the "Basic Content" template.\n		#end\n	</div>\n	#if ($main-content.getData() != "")\n		$main-content.getData()\n	#else\n		&nbsp\n	#end\n</div>', 'vm', 0, 6313, ''
6314, 14, 1, 2, 'Joe Bloggs', 20050101, 20050101, 'BASIC-HEADER', 'BASIC-HEADER', 'Basic Header', 'A basic header that mimics a portlet''s title.', '<div class="journal-basic-header-container">\n	<div class="portlet-topper">\n		<span class="portlet-title not-editable"><span>$header.getData()</span></span>\n	</div>\n</div>', 'vm', 0, 6315, ''
6316, 14, 1, 2, 'Joe Bloggs', 20050101, 20050101, 'BASIC-IMAGE-TEXT', 'BASIC-ARTICLE', 'Basic Image Text', 'A basic table with the image to the left and text to the right.', '<div class="journal-basic-image-text-container">\n	<table width="100%">\n	<tr>\n		<td>\n			#if ($image.getData() != "")\n				#if ($image-link.getData() != "")\n					<a href="$image-link.getData()"\n\n					#if ($image-external-link && ($image-external-link.getData() == "true"))\n						target="_blank">\n					#else\n						>\n					#end\n				#end\n\n				<img src="$image.getData()" />\n\n				#if ($image-link.getData() != "")\n					</a>\n				#end\n			#end\n		</td>\n		<td>\n			#if ($header.getData() != "")\n				<h2>\n					#if ($header-link.getData() != "")\n						<a href="$header-link.getData()"\n\n						#if ($open-header-link-in-new-window.getData() == "true" )\n							target="_blank">\n						#else\n							>\n						#end\n					#end\n\n					$header.getData()\n\n					#if ($header-link.getData() != "")\n						</a>\n					#end\n				</h2>\n			#end\n\n			#if ($type.getData() != "")\n				<strong>$type.getData()</strong>\n			#end\n\n			#if (($type.getData() != "") || ($date.getData() != ""))\n				 - \n			#end\n\n			#if ($date.getData() != "")\n				<strong>$date.getData()</strong>\n			#end\n\n			#if (($type.getData() != "") || ($date.getData() != ""))\n				<br />\n			#end\n\n			#if ($content.getData() != "")\n				$content.getData()\n			#end\n		</td>\n	</tr>\n	</table>\n</div>', 'vm', 0, 6317, ''
6318, 14, 1, 2, 'Joe Bloggs', 20050101, 20050101, 'BASIC-RSS-FEED', 'BASIC-RSS-FEED', 'Basic RSS Feed', 'Used to build an RSS 2.0 feed.', '<?xml version="1.0"?>\n<xsl:stylesheet xmlns:xsl="http://www.w3.org/1999/XSL/Transform" version="1.0">	\n	<xsl:output method="xml" omit-xml-declaration="no" media-type="application/rss+xml" indent="yes" />\n	<xsl:template match="/">\n		<xsl:variable name="articles" select="document(''http://@portal_url@/c/journal/get_articles?groupId=@group_id@&amp;templateId=BASIC-RSS-ITEM&amp;delta=20&amp;orderBy=display-date'')/result-set/result"/>\n		<rss version="2.0">\n			<channel>\n				<title>\n					<xsl:value-of disable-output-escaping="no" select="root/dynamic-element[@name=''rss-title'']/dynamic-content"/>\n				</title>\n				<link>\n					<xsl:value-of disable-output-escaping="no" select="root/dynamic-element[@name=''rss-link'']/dynamic-content"/>\n				</link>\n				<description>\n					<xsl:value-of disable-output-escaping="no" select="root/dynamic-element[@name=''rss-description'']/dynamic-content"/>\n				</description>\n\n				<xsl:for-each select="$articles">\n					<item>\n						<xsl:if test="not(root/dynamic-element[@name=''headline'']/dynamic-content = '''')">\n							<title>\n								<xsl:value-of disable-output-escaping="no" select="root/dynamic-element[@name=''headline'']/dynamic-content"/>\n							</title>\n						</xsl:if>\n						<xsl:if test="not(root/dynamic-element[@name=''link'']/dynamic-content = '''')">\n							<link>\n								<xsl:value-of disable-output-escaping="no" select="root/dynamic-element[@name=''link'']/dynamic-content"/>\n							</link>\n						</xsl:if>\n						<xsl:if test="not(root/dynamic-element[@name=''description'']/dynamic-content = '''')">\n							<description>\n								<xsl:value-of disable-output-escaping="no" select="root/dynamic-element[@name=''description'']/dynamic-content"/>\n							</description>\n						</xsl:if>\n						<xsl:if test="not(root/dynamic-element[@name=''creator'']/dynamic-content = '''')">\n							<author>\n								<xsl:value-of disable-output-escaping="no" select="root/dynamic-element[@name=''creator'']/dynamic-content"/>\n								<xsl:text> &lt;pr@liferay.com&gt;</xsl:text>\n							</author>\n						</xsl:if>\n						<xsl:if test="not(root/dynamic-element[@name=''reserved-article-display-date'']/dynamic-content = '''')">\n							<pubDate>\n								<xsl:value-of disable-output-escaping="no" select="root/dynamic-element[@name=''reserved-article-display-date'']/dynamic-content"/>\n							</pubDate>\n						</xsl:if>\n						<xsl:if test="not(root/dynamic-element[@name=''reserved-article-id'']/dynamic-content = '''')">\n							<guid isPermaLink="false">\n								<xsl:text>http://@portal_url@/c/journal/view_article_content?groupId=14&amp;articleId=</xsl:text>\n								<xsl:value-of disable-output-escaping="no" select="root/dynamic-element[@name=''reserved-article-id'']/dynamic-content"/>\n							</guid>\n						</xsl:if>\n					</item>\n				</xsl:for-each>\n			</channel>\n		</rss>\n	</xsl:template>\n</xsl:stylesheet>', 'xsl', 0, 6319, ''
6320, 14, 1, 2, 'Joe Bloggs', 20050101, 20050101, 'BASIC-RSS-ITEM', 'BASIC-RSS-ITEM', 'Basic RSS Item', 'Used to build a basic RSS 2.0 item.', '<div class="journal-rss-item-container">\n	#if ($headline.getData() != "")\n		<h2>$headline.getData()</h2>\n	#end\n	#if ($creator.getData() != "")\n		<p>by $creator.getData()\n		#if ($reserved-article-display-date.getData() == "")\n			</p>\n		#else\n			&nbsp;on $reserved-article-display-date.getData()\n		#end\n	#end\n	\n	#if ($description.getData() != "")\n		<p>$description.getData()</p>\n	#end\n</div>', 'vm', 0, 6321, ''
6322, 14, 1, 2, 'Joe Bloggs', 20050101, 20050101, 'BASIC-SECTION', 'BASIC-SECTION', 'Basic Section', 'A section with a stylized header and content.', '<div class="journal-basic-section-container">\n	<div class="header">\n		<h2>$header.getData()</h2>\n	</div>\n\n	<div class="content">\n		$content.getData()\n	</div>\n\n	#if ($footer.getData() != "")\n		<div class="footer">\n			$footer.getData()\n		</div>\n	#end\n</div>', 'vm', 0, 6323, ''
6324, 14, 1, 2, 'Joe Bloggs', 20050101, 20050101, 'CSS-TEMPLATE', '', 'CSS Template', 'A CSS file loaded on every page.', '/* ****************************\n   *                          *\n   *       GENERAL CSS        *\n   *                          *\n   **************************** */\n\n\n/* ------ GLOBAL ------ */\n#content-wrapper {a\n	font-family: Arial;\n	fosnt-size: 12px;\nfont-size: 1.2em;\n}\n\n\n.portlet-borderless-container blockquote {\n	padding: .5em 3em;\n}\n\n\n.portlet-borderless-container h1 {\n	font-size: 20px;\n	margin: .6em 0;\n}\n\n\n.portlet-borderless-container h2 {\n	font-size: 17px;\n	margin: .5em 0;\n}\n\n\n.portlet-borderless-container h4 {\n	font-size: 12px;\n	color: #1A698F;\n	margin: .5em 0;\n	font-weight: normal;\n	text-transform: uppercase;\n}\n\n\n.portlet-borderless-container ul {\n	margin: 0em 0em 0em 2em;\n	list-style-type: disc;\n}\n\n\n.portlet-borderless-container li {\n	padding-top: 5px;\n}\n\n\n.portlet-borderless-container td {\n	vertical-align: top;\n}\n\n\n.portlet-borderless-container a {\n	text-decoration: none;\n	color: #1B568C\n}\n\n\n.portlet-borderless-container p {\n	margin-bottom: 0.5em;\n}\n\n\n.portlet-borderless-container a:hover {\n	text-decoration: underline;\n}\n\n\n.columns-1-2 #column-1 .lfr-portlet-column {\n	background: none;\n	border: none;\n}\n\n\n/* ------ NAVIGATION ------ */\nhtml body .nav-menu {\n	background: #FFF;\n	margin: 12px;\n	padding: 10px 0;\n}\n\nhtml body .nav-menu li {\n	list-style-image: url(../images/navigation/bullet_selected.png);\n	margin-top: 3px;\n}\n\n/* ------ LAYOUT FIX ------ */\n.lfr-column.seventy {\n	width: 702px;\n}\n\n\n.lfr-column.thirty {\n	width: 238px;\n}\n\n\n/* ****************************\n   *                          *\n   *       TEMPLATE CSS       *\n   *                          *\n   **************************** */\n\n\n/* ------ BASIC-ARTICLE ------ */\n.journal-basic-article-container {\n	background: #FFFFFF;\n	border-bottom: 1px solid #D7D7D7;\n	margin: 0 13px;\n	padding: 20px 12px 20px 195px;\n	position: relative;\n	line-height: normal;\n	min-height: 110px;\n}\n\n\n.ie6 .journal-basic-article-container {\n	height: 110px;\n}\n\n\n.journal-basic-article-container h2 {\n	margin: 0;\n	padding: 0 0 5px;\n}\n\n\n.journal-basic-article-container h2 a {\n	color: #000;\n	text-decoration: none;\n}\n\n\n.journal-basic-article-container img {\n	position: absolute;\n	display: block;\n	left: 12px;\n	top: 20px;\n}\n.journal-basic-article-container .details {\n	color: #1B568C\n	clear: both; \n	overflow: hidden;\n	float: left;\n	width: 100%;\n	font-size: 11px;\n	margin: 0 0 .5em;\n}\n\n\n.journal-basic-article-container .date {\n	float: left; \n}  \n\n\n.journal-basic-article-container .type {\n	float: right;\n}\n\n\n.journal-basic-article-container p {\n	margin: 1em 0;\n}\n\n\n/* ------ BASIC-CONTENT ------ */\n.journal-basic-content-container {\n	background: #FFF;\n	margin: 12px;\n	padding: 12px;\n}\n\n\n/* ------ BASIC-CONTENT-SIDEBAR ------ */\n\n\n.journal-basic-content-sidebar-container {\n	background: #FFF;\n	padding: 12px;\n	margin: 12px;\n}\n\n\n.journal-basic-content-sidebar-container .sidebar {\n	background: #D5DADE;\n	margin: 10px;\n	padding: 10px;\n	width: 200px;\n}\n\n\n.journal-basic-content-sidebar-container .sidebar.right {\n	float: right;\n}\n\n\n.journal-basic-content-sidebar-container .sidebar.left {\n	float: left;\n}\n\n\n/* ------ BASIC-HEADER ------ */\n.journal-basic-header-container {\n	margin: 13px 13px 0;\n}\n\n\n/* ------ BASIC-IMAGE-TEXT ------ */\n.journal-basic-image-text-container {\n	background: #FFF;\n	margin: 12px;\n}\n\n\n.journal-basic-image-text-container td {\n	padding: 12px;\n	vertical-align: top;\n	font-size: 12px;\n}\n\n\n.journal-basic-image-text-container a {\n	text-decoration: none;\n}\n\n\n/* ------ FAST-FACTS ------ */\n.journal-fast-facts-container {\n	background: #FFF;\n	margin: 12px;\n}\n.journal-fast-facts-container h2 {\n	margin: 0;\n}\n\n\n.journal-fast-facts-container .fast-facts-header {\n	border-bottom: 1px solid #D7D7D7;\n	padding: 12px;\n}\n\n\n.journal-fast-facts-container .fast-facts-item-container {\n	padding: 12px;\n}\n\n\n.journal-fast-facts-container .fast-facts-item {\n	border-bottom: 1px solid #D7D7D7;\n}\n\n\n.journal-fast-facts-container .fast-facts-num {\n	color: #1A698F;\n	font-weight: bold;\n	text-transform: uppercase;\n}\n\n\n/* ------ IMAGE-FLOW ------ */\n.journal-image-flow-container {\n	background: #FFF;\n	margin: 12px;\n	padding: 12px;\n}\n\n\n.journal-image-flow-container img {\n	margin: 12px;\n}\n\n\n.journal-image-flow-container .default {\n	float: left;\n}\n\n\n.journal-image-flow-container .left {\n	float: left;\n}\n\n\n.journal-image-flow-container .right {\n	float: right;\n}\n	\n/* ------ PAGE-HEADER ------ */\n.journal-page-header-container {\n	padding: 10px 12px 10px;\n}\n\n\n.journal-page-header-container .page-name {\n	color: #FFF;\n	font-size: 30px;\n	line-height: 36px;\n}\n\n\n.journal-page-header-container .page-description {\n	color: #89C6E4;\n	border-left: 1px solid #4F595E;\n	margin-left: 10px;\n	padding-left: 10px;\n	font-size: 15px;\n}\n\n\n.journal-page-header-container td {\n	vertical-align: middle;\n}\n\n\n/* ------ READ-MORE ------ */\n\n\n.journal-read-more-container {\n	background: #FFF;\n	margin: 12px;\n}\n\n\n.ie .journal-read-more-container {\n	zoom: 1;\n}\n\n\n.journal-read-more-container .read-more-link {\n	float: right;\n	margin: 9px;\n}\n\n\n.journal-read-more-container .header {\n	background: url(@image_path@/image/image_gallery?img_id=1784) no-repeat 12px 13px;\n	padding: 12px 12px 12px 25px;\n	border-bottom: 1px solid #D7D7D7;\n	margin: 0;\n}\n\n\n.journal-read-more-container h2 a {\n	color: #000;\n}\n\n\n.journal-read-more-container .description {\n	padding: 12px;\n}\n\n\n.journal-read-more-container .bold {\n	color: #1A698F;\n	text-transform: uppercase;\n	margin-bottom: 8px;\n}\n\n\n/* ------ RSS-FEED-READER ------ */\n#journal-rss-feed-reader-container{\n	padding: 12px;\n	margin: 12px;\n	background: #FFF;\n}\n\n\n#journal-rss-feed-reader-container .journal-rss-feed-item-container {\n	border-bottom: 1px solid #D7D7D7;\n	margin-bottom: 10px;\n}\n\n\n#journal-rss-feed-reader-container .journal-rss-feed-item-container:last-child {\n	border-bottom: 0;\n}\n\n\n\n\n#journal-rss-feed-reader-container .journal-rss-feed-item-container h3{\n	font-size: 1.5em;\n	margin-bottom: 3px;\n	background: url(/liferay-jedi-theme/images/document_library/txt.png) no-repeat 0 90%;\n	padding-left: 20px;\n	padding-top: 6px;\n}\n\n\n#journal-rss-feed-reader-container .journal-rss-feed-item-container p {\n	margin: 7px 0 5px;\n}\n\n\n#journal-rss-feed-reader-container .journal-rss-feed-item-container .date-creator {\n	color: #777;\n	padding-bottom: 0;\n}\n\n\n/* ------ RTL-IMAGES ------ */\n.journal-rtl-image-container {\n	text-align: center;\n}\n\n/* ------ SHOWCASE ------ */\n.journal-showcase-container {\n	margin: 12px;\n	background: #FFF;\n}\n\n.journal-showcase-container td {\n	padding: 12px;\n}\n\n.journal-showcase-container .screenshots {\n	text-align: center;\n}\n\n/* ------ SINGLE-IMAGE ------ */\njournal-single-image-container img {\n	margin: 0 auto;\n}\n\n\n.journal-single-image-container {\n	text-align: center;\n}\n\n\n/* ------ THREE-POINTS-ICONS ------ */\n.journal-three-points-icons-container {\n	padding: 10px 0;\n}\n\n\n\n\n.journal-three-points-icons-container table{\n	margin: 0 auto;\n	border-collapse: separate;\n	border: none;\n}\n\n\n.ie .journal-three-points-icons-container .container {\n	zoom: 1;\n}\n\n\n.journal-three-points-icons-container .top {\n	position: relative;\n	height: 60px;\n	margin-left: 50px;\n	padding: 0;\n}\n\n\n.journal-three-points-icons-container .top img {\n	position: absolute;\n	left: -39px;\n	top: 13px;\n}\n\n\n.journal-three-points-icons-container .content {\n	padding: 0 15px 20px\n}\n\n\n.journal-three-points-icons-container td {\n	vertical-align: top;\n	background: #FFF;\n	padding: 0;\n	margin: 0;\n	border: 6px solid #D5DADE;\n	width: 209px;\n}\n	\n.journal-three-points-icons-container h2{\n	padding: 1em 0pt 0.5em;\n	line-height: 19px;\n	font-size: 18px;\n	font-weight: normal;\n}\n\n\n.journal-three-points-icons-container .content p {\n	padding: 0;\n	margin: 5px 0;\n}\n\n\n.journal-three-points-icons-container ul {\n	list-style: disc none outside;\n	margin: 0 0 0 1em;\n	padding: 0;\n}\n\n\n/* ------ TWO-PANELS ------ */\n.journal-two-panels-container {\n	margin: 12px;\n}\n\n\n.ie .journal-two-panels-container {\n	zoom: 1;\n}\n\n\n.journal-two-panels-container table {\n	width: 100%;\n	border-collapse: separate;\n}\n\n\n.journal-two-panels-container td {\n	background: #FFF;\n	width: 50%;\n}\n\n\n.journal-two-panels-container td.left {\n	border-right: 12px solid #D5DADE;\n}\n\n\n.journal-two-panels-container td.right {\n	border-left: 12px solid #D5DADE;\n}\n\n\n.journal-two-panels-container .link-container {\n	float: right;\n	margin: 9px;\n}\n\n\n.journal-two-panels-container .header {\n	background: url(@image_path@/image/image_gallery?img_id=1784) no-repeat 12px 13px;\n	padding: 12px 12px 12px 25px;\n	border-bottom: 1px solid #D7D7D7;\n	margin: 0;\n}\n\n\n.journal-two-panels-container h2 a {\n	color: #000;\n}\n\n\n.journal-two-panels-container .description {\n	padding: 12px;\n}\n\n\n/* ****************************\n   *                          *\n   *   ARTICLE SPECIFIC CSS   *\n   *                          *\n   **************************** */\n\n\n/* -- web/guest/services/training -- */\n.stl-trainingloc {\n	background: #D5DADE;\n	border: 2px solid #FFF;\n	width: 200px;\n	height: 50px;\n}\n\n\n.stl-training {\n	background: #D5DADE;\n	border: 2px solid #FFF;\n	font-weight: bold;\n	width: 200px;\n}\n\n\n/* -- web/guest/products/tech_specs -- */\n.tech-spec-table {\n	width: 100%;\n}\n\n\n.tech-spec-table td {\n	background: #FFF;\n	border: 12px solid #FFF;\n	padding: 12px;\n}\n\n\n.tech-spec-table .tech-spec-cat {\n	width: 25%;\n	background: #D5DADE;\n}\n\n\n.tech-spec-cat {\n	font-weight: bold;\n}\n\n\n.tech-spec-table .no-borders td{\n	width: 49%;\n}\n\n\n.tech-spec-table .no-borders{\n	width: 100%;\n}\n\n\n/* -- web/guest/downloads -- */\n#recommended-downloads {\n	padding: 40px 65px 0px 175px;\n	background: url(@image_path@/image/image_gallery?img_id=1786);\n	font-size: 12px;\n	height: 162px;\n}\n\n\n.ie #recommended-downloads {\n	width: 710px;\n}\n\n\n#recommended-downloads .header {\n	color: #89C6E4;\n	text-transform: uppercase;\n	padding-bottom: 15px;\n	font-weight: bold;\n}\n\n\n#recommended-downloads .version {\n	padding-bottom: 5px;\n}\n\n\n#recommended-downloads .version a {\n	color: #FFF;\n	font-size: 25px;\n	text-decoration: none;\n	line-height: 25px;\n}\n\n\n#recommended-downloads .description {\n	color: #89C6E4;\n	text-transform: uppercase;\n	padding-bottom: 15px;\n	font-weight: bold;\n}\n\n\n#recommended-downloads .instructions {\n	color: #FFF;\n}\n\n\n#recommended-downloads .instructions a {\n	color: #89C6E4;\n}\n\n\n/* -- footer -- */\n.footer-award-images .journal-rtl-image-container {\n	float: right;\n	padding: 25px;\n}\n\n\n/* -- web/guest/stories -- */\n#p_p_id_109_INSTANCE_tw3c_ {\n	background: #FFF;\n	margin: 12px;\n	padding: 12px;\n}\n\n\n#_109_INSTANCE_tw3c_field5, #p_p_id_109_INSTANCE_tw3c_ input[type="text"], .ie6 #p_p_id_109_INSTANCE_tw3c_ input.text {\n	width: 155px;\n}\n\n\n#p_p_id_109_INSTANCE_tw3c_ h3 {\n	font-size: 14px;\n}\n\n\n#p_p_id_109_INSTANCE_tw3c_ p {\n	margin: .5em 0 1em;\n}\n\n\n#p_p_id_109_INSTANCE_tw3c_ .liferay-web-form {\n	font-size: 12px;\n}\n\n\n/* -- feed-links -- */\n.journal-feed-link-container .feed {\n	background: transparent url(/image/image_gallery?img_id=1764) no-repeat scroll 0pt 50%;\n	margin-left: 3px;\n	padding: 0pt 0pt 0pt 19px;\n}\n\n\n/* -- web/guest/products/tech_specs/deployment_matrix -- \n.portlet-borderless-container .dm-anchor-header {\n	padding: 0.5em 0;\n}\n\n\n.dm-table-container {\n	background: #304256;\n	padding: 10px;\n	margin: 0 -1em;\n}\n\n\n.dm-table td {\n	background: #96C0E6;\n	color: #0E1319;\n	border-bottom: 1px solid #222D3A;\n	border-top: 1px solid #222D3A;\n	border-left: 1px solid #5F7B95;\n	border-right: 1px solid #59728B;\n	margin: 0;\n	padding: 0;\n	width: 40px;\n	height: 30px;\n	font-size: 11px;\n	text-align: center;\n	vertical-align: middle;\n}\n\n\n.dm-table .dm-app-serv {\n	background: #141B24;\n	border-left: none;\n	color: #FFFFFF;\n}\n\n\n.dm-table .dm-os {\n	background: #141B24;\n	border-collapse:separate;\n	color: #FFFFFF;\n	border-left: none;\n	border-right: none;\n	border-top: none;\n	text-align: left;\n	padding-left: 20px;\n}\n\n\n.ie .dm-table .dm-os {\n	width: 660px;\n}*/\n\n.ie #content-wrapper .tabs li {\n	line-height: 2.25;\n}\n.ie #content-wrapper .tabs li.current {\n	top: 0.1em;\n}\n\n/* --- web/guest/community/blog --- */\n#p_p_id_114_{\n	margin: 0 12px 12px;\n}\n\n/* --- web/guest/community/documentation/version/page --- */\n.cd-docfiles-table {\n\n}\n\n.cd-docfiles-table td {\n	padding: 2px;\n}\n\n.cd-docfiles-table .cd-docfiles-section {\n	border-top: 12px solid #FFF;\n	background: #D7D7D7;\n}\n\n.cd-docfiles-table .cd-docfiles-title {\n	padding-right: 12px;\n}\n\n/* --- web/guest/services/support --- */\n.support-table td {\n	padding: 5px;\n}\n\n.support-table tbody td {\n	border-left: 1px solid #D7D7D7;\n}\n\n.support-table .package {\n	font-weight: bold;\n	font-size: 1.3em;\n}\n\n.support-table .section {\n	background: #D7D7D7;\n	padding: 12px 2px 2px;\n	font-size: 1.2em;\n	border-top: 1px solid #D7D7D7;\n	border-bottom: 1px solid #D7D7D7;\n	border-left: none;\n	font-weight: bold;\n}\n\n.support-table .catagory {\n	width: 25%;\n	border-left: none;\n}\n\n/* --- web/guest/products/tech_spec/deployment_matrix --- */\n.dm-table-container td {\n	background: #DDFFDD;\n	padding: 5px;\n	border-left: 1px solid #D7D7D7;\n	border-bottom: 1px solid #D7D7D7;\n}\n\n.dm-table-container .dm-os {\n	background: #FFFFFF;\n	padding: 12px 2px 2px;\n	border-top: 1px solid #D7D7D7;\n	border-bottom: 1px solid #D7D7D7;\n	border-left: none;\n}\n\n.dm-table-container .dm-app-serv {\n	background: #D7D7D7;\n	font-weight: bold;\n	border-left: none;\n}\n.dm-main td {\n	width: 50%\n	padding: 12px;\n	text-align: center;\n}\n\n.dm-main .tech-list {\n	width: 300px;\n}\n\n.dm-main .tech-list td {\n	padding: 5px;\n	text-align: left;\n}\n\n.dm-main .tech-list .dm-acrm {\n	background: #D7D7D7;\n	width: 20%;\n}\n\n.dm-main .tech-list .catagory {\n	border-top: 1px solid #D7D7D7;\n	border-bottom: 1px solid #D7D7D7;\n}', 'css', 0, 6325, ''
6326, 14, 1, 2, 'Joe Bloggs', 20050101, 20050101, 'FAST-FACTS', 'FAST-FACTS', 'Fast Facts', 'A sidebar with 1 to 4 fast facts.', '<div class="journal-fast-facts-container">\n	<div class="fast-facts-header">\n		<p>$company-name.getData()</p>\n		<h2>$fact-title.getData()</h2>\n	</div>\n\n	<div class="fast-facts-item-container">\n		#if (($fact1-weak.getData() != "") && ($fact1-strong.getData() != ""))\n			<div class="fast-facts-item">\n				<p class="fast-facts-loc">\n					#if ($fact1-link.getData() != "")\n						<a href="$fact1-link.getData()">\n					#end\n\n					$fact1-weak.getData()\n\n					#if ($fact1-link.getData() != "")\n						</a>\n					#end\n				</p>\n				<p class="fast-facts-num">\n					#if ($fact1-link.getData() != "")\n						<a href="$fact1-link.getData()">\n					#end\n\n					$fact1-strong.getData()\n\n					#if ($fact1-link.getData() != "")\n						</a>\n					#end\n				</p>\n			</div>\n		#end\n\n		#if (($fact2-weak.getData() != "") && ($fact2-strong.getData() != ""))\n			<div class="fast-facts-item">\n				<p class="fast-facts-loc">\n					#if ($fact2-link.getData() != "")\n						<a href="$fact2-link.getData()">\n					#end\n\n					$fact2-weak.getData()\n\n					#if ($fact2-link.getData() != "")\n						</a>\n					#end\n				</p>\n				<p class="fast-facts-num">\n					#if ($fact2-link.getData() != "")\n						<a href="$fact2-link.getData()">\n					#end\n\n					$fact2-strong.getData()\n\n					#if ($fact2-link.getData() != "")\n						</a>\n					#end\n				</p>\n			</div>\n		#end\n\n		#if (($fact3-weak.getData() != "") && ($fact3-strong.getData() != ""))\n			<div class="fast-facts-item">\n				<p class="fast-facts-loc">\n					#if ($fact3-link.getData() != "")\n						<a href="$fact3-link.getData()">\n					#end\n\n					$fact3-weak.getData()\n\n					#if ($fact3-link.getData() != "")\n						</a>\n					#end\n				</p>\n				<p class="fast-facts-num">\n					#if ($fact3-link.getData() != "")\n						<a href="$fact3-link.getData()">\n					#end\n\n					$fact3-strong.getData()\n\n					#if ($fact3-link.getData() != "")\n						</a>\n					#end\n				</p>\n			</div>\n		#end\n\n		#if (($fact4-weak.getData() != "") && ($fact4-strong.getData() != ""))\n			<div class="fast-facts-item">\n				<p class="fast-facts-loc">\n					#if ($fact4-link.getData() != "")\n						<a href="$fact4-link.getData()">\n					#end\n\n					$fact4-weak.getData()\n\n					#if ($fact4-link.getData() != "")\n						</a>\n					#end\n				</p>\n				<p class="fast-facts-num">\n					#if ($fact4-link.getData() != "")\n						<a href="$fact4-link.getData()">\n					#end\n\n					$fact4-strong.getData()\n\n					#if ($fact4-link.getData() != "")\n						</a>\n					#end\n				</p>\n			</div>\n		#end\n	</div>\n</div>', 'vm', 0, 6327, ''
6328, 14, 1, 2, 'Joe Bloggs', 20050101, 20050101, 'FEED-ITEM', 'FEED-ITEM', 'Feed Item', 'A feed item used for RSS/ATOM.', '--\n-- Velocity Transform Template\n--\n-- All dynamic elements in a structure can be accessed as a Velocity variable.\n--\n-- The given structure:\n--\n-- <root>\n--   <dynamic-element name="main-text" type="text_area">\n--     <dynamic-element name="sub-image" type="image"></dynamic-element>\n--     <dynamic-element name="sub-text" type="text"></dynamic-element>\n--   </dynamic-element>\n--   <dynamic-element name="more-text" type="text_area"></dynamic-element>\n--   <dynamic-element name="ms-list" type="multi-list">\n--     <dynamic-element name="chocolate" type="Chocolate"></dynamic-element>\n--     <dynamic-element name="strawberry" type="Strawberry"></dynamic-element>\n--     <dynamic-element name="vanilla" type="Vanilla"></dynamic-element>\n--   </dynamic-element>\n-- </root>\n--\n-- The dynamic element "main-text" can be accessed in the following ways:\n--\n-- $main-text.getName()     - The name "main-text"\n-- $main-text.getData()     - The data in the article for main-text\n-- $main-text.getType()     - The type "text-area"\n-- $main-text.getChildren() - A collection with two nodes (sub-image and\n--                            sub-text) that can be used in the #foreach clause\n--\n-- One special accessor exists for elements of type "multi-list":\n--\n-- $ms-list.getOptions() - A collection with up to three string entries\n--                         (chocolate, strawberry, or vanilla) that can be used\n--                         in the #foreach clause\n--\n-- Additionally, the variable $journalTemplatesPath can be used to include\n-- another Journal template, e.g. #parse ("$journalTemplatesPath/LAYOUT-PARENT")\n--\n--', 'vm', 0, 6329, ''
6330, 14, 1, 2, 'Joe Bloggs', 20050101, 20050101, 'IMAGE-FLOW', 'BASIC-ARTICLE', 'Image Flow', 'An article with an image that flows text around it. One can choose flow behavior (left, right or default).', '<div class="journal-image-flow-container">\n	#if ($image.getData() != "")\n		#if ($image-link.getData() != "")\n			<a href="$image-link.getData()"\n\n			#if ($image-external-link && ($image-external-link.getData() == "true"))\n				target="_blank">\n			#else\n				>\n			#end\n		#end\n\n		<img src="$image.getData()" class="$flow.getData()" />\n\n		#if ($image-link.getData() != "")\n			</a>\n		#end\n	#end\n\n	#if ($header.getData() != "")\n		<h2>\n\n		#if ($header-link.getData() != "")\n			<a href="$header-link.getData()"\n\n			#if ($open-header-link-in-new-window.getData() == "true")\n				target="_blank">\n			#else\n				>\n			#end\n		#end\n\n		$header.getData()\n\n		#if ($header-link.getData() != "")\n			</a>\n		#end\n\n		</h2>\n	#end\n\n	#if ($date.getData() != "")\n		<span class="date">$date.getData()</span>\n	#end\n\n	#if ($type.getData() != "")\n		<span class="type">$type.getData()</span>\n	#end\n\n	#if ($content.getData() != "")\n		<p>$content.getData()</p>\n	#end\n</div>', 'vm', 0, 6331, ''
6332, 14, 1, 2, 'Joe Bloggs', 20050101, 20050101, 'PAGE-HEADER', 'PAGE-HEADER', 'Page Header', 'A complex page header.', '<div class="journal-page-header-container">\n	<table>\n		<tbody>\n			<tr>\n				<td class="page-name">$page-name.getData()</td>\n				<td>\n					#if($page-description.getData() != "")\n						<span class="page-description">$page-description.getData()</span>\n					#end\n				</td>\n			</tr>\n		</tbody>\n	</table>\n</div>', 'vm', 0, 6333, ''
6334, 14, 1, 2, 'Joe Bloggs', 20050101, 20050101, 'RANDOM-IMAGE', 'MULTIPLE-IMAGES', 'Random Image', 'Displays a random image when the page is refreshed or reloaded.', '<a href="javascript: ;" id="${randomNamespace}link"><img id="${randomNamespace}image" src="@cdn_host@@root_path@/html/themes/_unstyled/images/spacer.png" /></a>\n\n<script type="text/javascript">\n	jQuery(\n		function() {\n			var ${randomNamespace}sources = [];\n			var ${randomNamespace}titles = {};\n			var ${randomNamespace}links = {};\n\n			#if ($source-1.getData() != "")\n				${randomNamespace}sources.push("$source-1.getData()");\n\n				#foreach ($child in $source-1.getChildren())\n					#if ($child.getData() != "")\n						#if ($child.getName().startsWith("title-"))\n							${randomNamespace}titles["$source-1.getData()"] = "$child.getData()";\n						#end\n\n						#if ($child.getName().startsWith("link-"))\n							${randomNamespace}links["$source-1.getData()"] = "$child.getData()";\n						#end\n					#end\n				#end\n			#end\n\n			#if ($source-2.getData() != "")\n				${randomNamespace}sources.push("$source-2.getData()");\n\n				#foreach ($child in $source-2.getChildren())\n					#if ($child.getData() != "")\n						#if ($child.getName().startsWith("title-"))\n							${randomNamespace}titles["$source-2.getData()"] = "$child.getData()";\n						#end\n\n						#if ($child.getName().startsWith("link-"))\n							${randomNamespace}links["$source-2.getData()"] = "$child.getData()";\n						#end\n					#end\n				#end\n			#end\n\n			#if ($source-3.getData() != "")\n				${randomNamespace}sources.push("$source-3.getData()");\n\n				#foreach ($child in $source-3.getChildren())\n					#if ($child.getData() != "")\n						#if ($child.getName().startsWith("title-"))\n							${randomNamespace}titles["$source-3.getData()"] = "$child.getData()";\n						#end\n\n						#if ($child.getName().startsWith("link-"))\n							${randomNamespace}links["$source-3.getData()"] = "$child.getData()";\n						#end\n					#end\n				#end\n			#end\n\n			#if ($source-4.getData() != "")\n				${randomNamespace}sources.push("$source-4.getData()");\n\n				#foreach ($child in $source-4.getChildren())\n					#if ($child.getData() != "")\n						#if ($child.getName().startsWith("title-"))\n							${randomNamespace}titles["$source-4.getData()"] = "$child.getData()";\n						#end\n\n						#if ($child.getName().startsWith("link-"))\n							${randomNamespace}links["$source-4.getData()"] = "$child.getData()";\n						#end\n					#end\n				#end\n			#end\n\n			#if ($source-5.getData() != "")\n				${randomNamespace}sources.push("$source-5.getData()");\n\n				#foreach ($child in $source-5.getChildren())\n					#if ($child.getData() != "")\n						#if ($child.getName().startsWith("title-"))\n							${randomNamespace}titles["$source-5.getData()"] = "$child.getData()";\n						#end\n\n						#if ($child.getName().startsWith("link-"))\n							${randomNamespace}links["$source-5.getData()"] = "$child.getData()";\n						#end\n					#end\n				#end\n			#end\n\n			#if ($source-6.getData() != "")\n				${randomNamespace}sources.push("$source-6.getData()");\n\n				#foreach ($child in $source-6.getChildren())\n					#if ($child.getData() != "")\n						#if ($child.getName().startsWith("title-"))\n							${randomNamespace}titles["$source-6.getData()"] = "$child.getData()";\n						#end\n\n						#if ($child.getName().startsWith("link-"))\n							${randomNamespace}links["$source-6.getData()"] = "$child.getData()";\n						#end\n					#end\n				#end\n			#end\n\n			#if ($source-7.getData() != "")\n				${randomNamespace}sources.push("$source-7.getData()");\n\n				#foreach ($child in $source-7.getChildren())\n					#if ($child.getData() != "")\n						#if ($child.getName().startsWith("title-"))\n							${randomNamespace}titles["$source-7.getData()"] = "$child.getData()";\n						#end\n\n						#if ($child.getName().startsWith("link-"))\n							${randomNamespace}links["$source-7.getData()"] = "$child.getData()";\n						#end\n					#end\n				#end\n			#end\n\n			#if ($source-8.getData() != "")\n				${randomNamespace}sources.push("$source-8.getData()");\n\n				#foreach ($child in $source-8.getChildren())\n					#if ($child.getData() != "")\n						#if ($child.getName().startsWith("title-"))\n							${randomNamespace}titles["$source-8.getData()"] = "$child.getData()";\n						#end\n\n						#if ($child.getName().startsWith("link-"))\n							${randomNamespace}links["$source-8.getData()"] = "$child.getData()";\n						#end\n					#end\n				#end\n			#end\n\n			#if ($source-9.getData() != "")\n				${randomNamespace}sources.push("$source-9.getData()");\n\n				#foreach ($child in $source-9.getChildren())\n					#if ($child.getData() != "")\n						#if ($child.getName().startsWith("title-"))\n							${randomNamespace}titles["$source-9.getData()"] = "$child.getData()";\n						#end\n\n						#if ($child.getName().startsWith("link-"))\n							${randomNamespace}links["$source-9.getData()"] = "$child.getData()";\n						#end\n					#end\n				#end\n			#end\n\n			#if ($source-10.getData() != "")\n				${randomNamespace}sources.push("$source-10.getData()");\n\n				#foreach ($child in $source-10.getChildren())\n					#if ($child.getData() != "")\n						#if ($child.getName().startsWith("title-"))\n							${randomNamespace}titles["$source-10.getData()"] = "$child.getData()";\n						#end\n\n						#if ($child.getName().startsWith("link-"))\n							${randomNamespace}links["$source-10.getData()"] = "$child.getData()";\n						#end\n					#end\n				#end\n			#end\n\n			var imageId = "${randomNamespace}image";\n			var imageObj = jQuery("#" + imageId);\n\n			var linkId = "${randomNamespace}link";\n			var linkObj = jQuery("#" + linkId);\n\n			var imageSource = ${randomNamespace}sources[Liferay.Util.randomMinMax(0, ${randomNamespace}sources.length - 1)];\n			var imageTitle = ${randomNamespace}titles[imageSource];\n			var imageLink = ${randomNamespace}links[imageSource];\n\n			imageObj.attr("src", imageSource);\n\n			if (imageTitle != "") {\n				imageObj.attr("title", imageTitle);\n			}\n\n			if (imageLink != "") {\n				linkObj.attr("href", imageLink);\n			}\n		}\n	);\n</script>', 'vm', 0, 6335, ''
6336, 14, 1, 2, 'Joe Bloggs', 20050101, 20050101, 'READ-MORE', 'READ-MORE', 'Read More', 'A content template featuring a read more button.', '<div class="journal-read-more-container">\n	#if ($readmore-link.getData() != "")\n		<div class="read-more-link">\n			<a href="$readmore-link.getData()"><img src="@image_path@/image/image_gallery?img_id=1788"></a>\n		</div>\n	#end\n	<h2 class="header">\n		$header.getData()\n	</h2>\n	<div class="description">\n		<p class="bold">$bold-description.getData()</p>\n		$description.getData()\n	</div>\n</div>', 'vm', 0, 6337, ''
6338, 14, 1, 2, 'Joe Bloggs', 20050101, 20050101, 'RSS-FEED-PAGINATION-JS', 'RSS-FEED-PAGINATION', 'RSS Feed Pagination JavaScript', 'Pagination of RSS Feed Reader.', '<script>\n	Liferay.Noir = Liferay.Noir || {};\n\n	Liferay.Noir.PaginateNewsArticles =  {\n\n			init: function(params) {\n				var instance = this;\n				if (!params.container) {\n					return;\n				}\n				instance._container = jQuery(''#'' + params.container);\n				instance._limit = params.limit || 10;\n				if (params.itemsClass) {\n					params.itemsClass = ''.'' + params.itemsClass;\n				}\n				instance._rows = instance._container.find(params.itemsClass || ''> div'');\n				instance._page = 0;\n				instance._total = Math.ceil(instance._rows.length / instance._limit);\n				instance._links = params.container + ''Links'';\n\n				var span = jQuery(''<span class="'' + instance._links + ''"></span>'');\n				var a;\n				for (var i = 1; i <= instance._total; i++) {\n					a = jQuery(''<a href="javascript: ;">'' + i + ''</a>'');\n					a.click(\n						function() {\n							var number = jQuery(this).text();\n							number = parseInt(number) - 1;\n							instance.pageTo(number);\n						}\n					);\n					span.append(a);\n				}\n				instance._container.append(span);\n				span.find(''a'').not('':last'').after('' | '');\n				\n				instance._linksContainer = span;\n\n				instance.pageTo(0);\n			},\n			pageTo: function(page) {\n				var instance = this;\n				if (!instance._container.length) {\n					return;\n				}\n				\n				var links = instance._linksContainer.find(''a'');\n				\n				instance._rows.hide();\n				\n				var start = instance._limit * page;\n				var end = start + (instance._limit - 1);\n\n				instance.setPage(start, end, ''show'');\n				instance._page = page;\n				\n				links.css({\n						''font-weight'': ''normal'',\n						''text-decoration'': ''''\n					});\n				links.eq(page).css(\n					{\n						''font-weight'': ''bold'',\n						''text-decoration'': ''none''\n					}\n				);\n			},\n			setPage: function(start, end, display) {\n				var instance = this;\n\n				var table = instance._container;\n				var rows = instance._rows;\n				\n				end = Math.min(end, rows.length - 1);\n				rows = rows.filter(\n					function(i) {\n						return (i >= start && i <= end);	\n					}\n				);\n				\n				if (display == ''none'' || display == ''hidden'') {\n					rows.hide();\n				} else {\n					rows.show();\n				}\n			}\n	};\n	jQuery(\n		function () {\n			Liferay.Noir.PaginateNewsArticles.init({container: ''journal-rss-feed-reader-container'', itemsClass: ''journal-rss-feed-item-container'', limit: 10});\n		}\n	);\n</script>', 'vm', 0, 6339, ''
6340, 14, 1, 2, 'Joe Bloggs', 20050101, 20050101, 'RSS-FEED-READER-ALL-ARTICLES', 'RSS-FEED-READER', 'RSS Feed Reader for All Articles', 'Reads RSS Feeds for all Liferay articles.', '<?xml version="1.0"?>\n\n<xsl:stylesheet xmlns:xsl="http://www.w3.org/1999/XSL/Transform" version="1.0">\n	<xsl:output method="html" omit-xml-declaration="yes"/>\n	<xsl:template match="/">\n		<div id="journal-rss-feed-reader-container">\n			\n			<xsl:variable name="articles" select="document(''http://@portal_url@/c/journal/get_articles?groupId=@group_id@&amp;templateId=BASIC-RSS-ITEM&amp;delta=100&amp;orderBy=display-date'')/result-set/result"/>\n\n			<xsl:for-each select="$articles">\n				<div class="journal-rss-feed-item-container">\n\n					<h3>\n						<a>\n							<xsl:attribute name="href">\n								<xsl:value-of disable-output-escaping="yes" select="root/dynamic-element[@name=''link'']/dynamic-content"/>\n							</xsl:attribute>\n							<xsl:if test="root/dynamic-element[@name=''new-window'']/dynamic-content = ''true''">\n								<xsl:attribute name="target">\n									<xsl:text>_blank</xsl:text>\n								</xsl:attribute>\n							</xsl:if>\n							<xsl:value-of disable-output-escaping="yes" select="reserved-info/title"/>\n							<xsl:value-of disable-output-escaping="yes" select="root/dynamic-element[@name=''headline'']/dynamic-content"/>\n						</a>\n					</h3>\n				\n					<p class="date-creator">\n						<script language="JavaScript1.2">\n							str="<xsl:value-of disable-output-escaping="yes" select="root/dynamic-element[@name=''reserved-article-display-date'']/dynamic-content"/>";\n							ar=str.split(" ");\n							document.write(ar[0]+" "+ar[2]+" "+ar[1]+" "+ar[3]);\n						</script>\n						<xsl:text> (</xsl:text>\n						<xsl:value-of disable-output-escaping="yes" select="root/dynamic-element[@name=''creator'']/dynamic-content"/>\n						<xsl:text>)</xsl:text>\n					</p>\n					\n					<p>\n						<xsl:value-of disable-output-escaping="yes" select="root/dynamic-element[@name=''description'']/dynamic-content"/>\n					</p>\n\n				</div>\n			</xsl:for-each>\n\n		</div>\n	</xsl:template>\n</xsl:stylesheet>', 'xsl', 0, 6341, ''
6342, 14, 1, 2, 'Joe Bloggs', 20050101, 20050101, 'RSS-FEED-READER-ANNOUNCEMENTS', 'RSS-FEED-READER', 'RSS Feed Reader for Announcements', 'Reads RSS Feeds for Liferay announcements.', '<?xml version="1.0"?>\n\n<xsl:stylesheet xmlns:xsl="http://www.w3.org/1999/XSL/Transform" version="1.0">\n	<xsl:output method="html" omit-xml-declaration="yes"/>\n	<xsl:template match="/">\n		<div id="journal-rss-feed-reader-container">\n\n			<xsl:variable name="articles" select="document(''http://@portal_url@/c/journal/get_articles?groupId=@group_id@&amp;templateId=BASIC-RSS-ITEM&amp;delta=100&amp;orderBy=display-date&amp;type=announcements'')/result-set/result"/>\n\n			<xsl:for-each select="$articles">\n				<div class="journal-rss-feed-item-container">\n\n				<h3>\n				<a>\n					<xsl:attribute name="href">\n						<xsl:value-of disable-output-escaping="yes" select="root/dynamic-element[@name=''link'']/dynamic-content"/>\n					</xsl:attribute>\n					<xsl:if test="root/dynamic-element[@name=''new-window'']/dynamic-content = ''true''">\n						<xsl:attribute name="target">\n						<xsl:text>_blank</xsl:text>\n						</xsl:attribute>\n					</xsl:if>\n					<xsl:value-of disable-output-escaping="yes" select="reserved-info/title"/>\n					<xsl:value-of disable-output-escaping="yes" select="root/dynamic-element[@name=''headline'']/dynamic-content"/>\n				</a>\n				</h3>\n\n				<p class="date-creator">\n\n					<script language="JavaScript1.2">\n						str="<xsl:value-of disable-output-escaping="yes" select="root/dynamic-element[@name=''reserved-article-display-date'']/dynamic-content"/>";\n						ar=str.split(" ");\n						document.write(ar[0]+" "+ar[2]+" "+ar[1]+" "+ar[3]);\n					</script>\n\n					<xsl:text> (</xsl:text>\n					<xsl:value-of disable-output-escaping="yes" select="root/dynamic-element[@name=''creator'']/dynamic-content"/>\n					<xsl:text>)</xsl:text>\n				</p>\n\n				<p>\n					<xsl:value-of disable-output-escaping="yes" select="root/dynamic-element[@name=''description'']/dynamic-content"/>\n				</p>\n\n				</div>\n			</xsl:for-each>\n\n		</div>\n	</xsl:template>\n</xsl:stylesheet>', 'xsl', 0, 6343, ''
6344, 14, 1, 2, 'Joe Bloggs', 20050101, 20050101, 'RSS-FEED-READER-BLOGS', 'RSS-FEED-READER', 'RSS Feed Reader for Blogs', 'Reads RSS Feeds for Liferay Blogs.', '<?xml version="1.0"?>\n\n<xsl:stylesheet xmlns:xsl="http://www.w3.org/1999/XSL/Transform" version="1.0">\n	<xsl:output method="html" omit-xml-declaration="yes"/>\n	<xsl:template match="/">\n		<div id="journal-rss-feed-reader-container">\n			\n			<xsl:variable name="articles" select="document(''http://@portal_url@/c/journal/get_articles?groupId=@group_id@&amp;templateId=BASIC-RSS-ITEM&amp;delta=100&amp;orderBy=display-date&amp;type=blogs'')/result-set/result"/>\n\n			<xsl:for-each select="$articles">\n				<div class="journal-rss-feed-item-container">\n\n					<h3>\n						<a>\n							<xsl:attribute name="href">\n								<xsl:value-of disable-output-escaping="yes" select="root/dynamic-element[@name=''link'']/dynamic-content"/>\n							</xsl:attribute>\n							<xsl:if test="root/dynamic-element[@name=''new-window'']/dynamic-content = ''true''">\n								<xsl:attribute name="target">\n									<xsl:text>_blank</xsl:text>\n								</xsl:attribute>\n							</xsl:if>\n							<xsl:value-of disable-output-escaping="yes" select="reserved-info/title"/>\n							<xsl:value-of disable-output-escaping="yes" select="root/dynamic-element[@name=''headline'']/dynamic-content"/>\n						</a>\n					</h3>\n				\n					<p class="date-creator">\n						<script language="JavaScript1.2">\n							str="<xsl:value-of disable-output-escaping="yes" select="root/dynamic-element[@name=''reserved-article-display-date'']/dynamic-content"/>";\n							ar=str.split(" ");\n							document.write(ar[0]+" "+ar[2]+" "+ar[1]+" "+ar[3]);\n						</script>\n						<xsl:text> (</xsl:text>\n						<xsl:value-of disable-output-escaping="yes" select="root/dynamic-element[@name=''creator'']/dynamic-content"/>\n						<xsl:text>)</xsl:text>\n					</p>\n					\n					<p>\n						<xsl:value-of disable-output-escaping="yes" select="root/dynamic-element[@name=''description'']/dynamic-content"/>\n					</p>\n\n				</div>\n			</xsl:for-each>\n\n		</div>\n	</xsl:template>\n</xsl:stylesheet>', 'xsl', 0, 6345, ''
6346, 14, 1, 2, 'Joe Bloggs', 20050101, 20050101, 'RSS-FEED-READER-LR-BLOGS', 'RSS-FEED-READER', 'RSS Feed Reader for Liferay Blogs', 'RSS Feed Reader for Liferay Blogs', '<div id="journal-rss-feed-reader-container">\n	#set ($doc = $portalUtil.readDocumentFromURL("http://@portal_url@/c/blogs/rss?companyId=1&type=rss&version=2.0"))\n	#set ($articles = $doc.getRootElement().element("channel").elements("item"))\n\n	#foreach ($article in $articles)\n		<div class="journal-rss-feed-item-container">\n			<h3>\n				<a href="$article.elementText("link")">$article.elementText("title")</a>\n			</h3>\n\n			<p class="date-creator">\n				$article.elementText("creator") - $article.elementText("pubDate")\n			</p>\n\n			<p>\n				$stringUtil.shorten($htmlUtil.stripHtml($article.elementText("description")), 200, "")\n			</p>\n		</div>\n	#end\n</div>', 'vm', 0, 6347, ''
6348, 14, 1, 2, 'Joe Bloggs', 20050101, 20050101, 'RSS-FEED-READER-NEWS', 'RSS-FEED-READER', 'RSS Feed Reader for News', 'Reads RSS Feeds for Liferay news.', '<?xml version="1.0"?>\n\n<xsl:stylesheet xmlns:xsl="http://www.w3.org/1999/XSL/Transform" version="1.0">\n	<xsl:output method="html" omit-xml-declaration="yes"/>\n	<xsl:template match="/">\n		<div id="journal-rss-feed-reader-container">\n			\n			<xsl:variable name="articles" select="document(''http://@portal_url@/c/journal/get_articles?groupId=@group_id@&amp;templateId=BASIC-RSS-ITEM&amp;delta=100&amp;orderBy=display-date&amp;type=news'')/result-set/result"/>\n\n			<xsl:for-each select="$articles">\n				<div class="journal-rss-feed-item-container">\n\n					<h3>\n						<a>\n							<xsl:attribute name="href">\n								<xsl:value-of disable-output-escaping="yes" select="root/dynamic-element[@name=''link'']/dynamic-content"/>\n							</xsl:attribute>\n							<xsl:if test="root/dynamic-element[@name=''new-window'']/dynamic-content = ''true''">\n								<xsl:attribute name="target">\n									<xsl:text>_blank</xsl:text>\n								</xsl:attribute>\n							</xsl:if>\n							<xsl:value-of disable-output-escaping="yes" select="reserved-info/title"/>\n							<xsl:value-of disable-output-escaping="yes" select="root/dynamic-element[@name=''headline'']/dynamic-content"/>\n						</a>\n					</h3>\n				\n					<p class="date-creator">\n						<script language="JavaScript1.2">\n							str="<xsl:value-of disable-output-escaping="yes" select="root/dynamic-element[@name=''reserved-article-display-date'']/dynamic-content"/>";\n							ar=str.split(" ");\n							document.write(ar[0]+" "+ar[2]+" "+ar[1]+" "+ar[3]);\n						</script>\n						<xsl:text> (</xsl:text>\n						<xsl:value-of disable-output-escaping="yes" select="root/dynamic-element[@name=''creator'']/dynamic-content"/>\n						<xsl:text>)</xsl:text>\n					</p>\n					\n					<p>\n						<xsl:value-of disable-output-escaping="yes" select="root/dynamic-element[@name=''description'']/dynamic-content"/>\n					</p>\n\n				</div>\n			</xsl:for-each>\n\n		</div>\n	</xsl:template>\n</xsl:stylesheet>', 'xsl', 0, 6349, ''
6350, 14, 1, 2, 'Joe Bloggs', 20050101, 20050101, 'RTL-IMAGES', 'MULTIPLE-IMAGES', 'Right to Left Images', 'Images that show up from right to left.', '<div class="journal-rtl-image-container">\n	#if ($source-1.getData() != "")\n		#foreach ($child in $source-1.getChildren())\n			#if ($child.getName().startsWith("link"))\n				#if ($child.getData() != "")\n					<a href="$child.getData()"><img src="$source-1.getData()" /></a>\n				#else\n					<img src="$source-1.getData()" />\n				#end\n			#end\n		#end\n	#end\n\n	#if ($source-2.getData() != "")\n		#foreach ($child in $source-2.getChildren())\n			#if ($child.getName().startsWith("link"))\n				#if ($child.getData() != "")\n					<a href="$child.getData()"><img src="$source-2.getData()" /></a>\n				#else\n					<img src="$source-2.getData()" />\n				#end\n			#end\n		#end\n	#end\n\n	#if ($source-3.getData() != "")\n		#foreach ($child in $source-3.getChildren())\n			#if ($child.getName().startsWith("link"))\n				#if ($child.getData() != "")\n					<a href="$child.getData()"><img src="$source-3.getData()" /></a>\n				#else\n					<img src="$source-3.getData()" />\n				#end\n			#end\n		#end\n	#end\n\n	#if ($source-4.getData() != "")\n		#foreach ($child in $source-4.getChildren())\n			#if ($child.getName().startsWith("link"))\n				#if ($child.getData() != "")\n					<a href="$child.getData()"><img src="$source-4.getData()" /></a>\n				#else\n					<img src="$source-4.getData()" />\n				#end\n			#end\n		#end\n	#end\n\n	#if ($source-5.getData() != "")\n		#foreach ($child in $source-5.getChildren())\n			#if ($child.getName().startsWith("link"))\n				#if ($child.getData() != "")\n					<a href="$child.getData()"><img src="$source-5.getData()" /></a>\n				#else\n					<img src="$source-5.getData()" />\n				#end\n			#end\n		#end\n	#end\n\n	#if ($source-6.getData() != "")\n		#foreach ($child in $source-6.getChildren())\n			#if ($child.getName().startsWith("link"))\n				#if ($child.getData() != "")\n					<a href="$child.getData()"><img src="$source-6.getData()" /></a>\n				#else\n					<img src="$source-6.getData()" />\n				#end\n			#end\n		#end\n	#end\n\n	#if ($source-7.getData() != "")\n		#foreach ($child in $source-7.getChildren())\n			#if ($child.getName().startsWith("link"))\n				#if ($child.getData() != "")\n					<a href="$child.getData()"><img src="$source-7.getData()" /></a>\n				#else\n					<img src="$source-7.getData()" />\n				#end\n			#end\n		#end\n	#end\n\n	#if ($source-8.getData() != "")\n		#foreach ($child in $source-8.getChildren())\n			#if ($child.getName().startsWith("link"))\n				#if ($child.getData() != "")\n					<a href="$child.getData()"><img src="$source-8.getData()" /></a>\n				#else\n					<img src="$source-8.getData()" />\n				#end\n			#end\n		#end\n	#end\n\n	#if ($source-9.getData() != "")\n		#foreach ($child in $source-9.getChildren())\n			#if ($child.getName().startsWith("link"))\n				#if ($child.getData() != "")\n					<a href="$child.getData()"><img src="$source-9.getData()" /></a>\n				#else\n					<img src="$source-9.getData()" />\n				#end\n			#end\n		#end\n	#end\n\n	#if ($source-10.getData() != "")\n		#foreach ($child in $source-10.getChildren())\n			#if ($child.getName().startsWith("link"))\n				#if ($child.getData() != "")\n					<a href="$child.getData()"><img src="$source-10.getData()" /></a>\n				#else\n					<img src="$source-10.getData()" />\n				#end\n			#end\n		#end\n	#end\n</div>', 'vm', 0, 6351, ''
6352, 14, 1, 2, 'Joe Bloggs', 20050101, 20050101, 'SHOWCASE', 'SHOWCASE', 'Showcase', 'An extensive layout featuring a single image with quotable text and an article with multiple thumbnailed images (linkable to fullsize).', '<div class="journal-showcase-container">\n	<div class="featured-company-header">\n		<table class="featured-company-header-table" width="100%">\n		<tr>\n			<td class="image">\n				#if ($company-link.getData() != "")\n					<a href="company-link.getData()">\n				#end\n\n				#if ($company-image.getData() != "")\n					<img src="$company-image.getData()"><br />\n				#end\n\n				#if ($company-link-name.getData() != "")\n					$company-link-name.getData()\n				#end\n\n				#if ($company-link.getData() != "")\n					</a>\n				#end\n\n				#if (($company-image.getData() == "") && ($company-link-name.getData() == ""))\n					<style>\n						.featured-company-header-table .image {\n							width: 0px;\n						}\n					</style>\n				#end\n			</td>\n			<td class="quote">\n				#if ($quote.getData() != "")\n					<p>$quote.getData()</p>\n				#end\n			</td>\n		</tr>\n		</table>\n	</div>\n\n	<div class="featured-company-body">\n		<table class="featured-company-body-table" width="100%">\n		<tr>\n			<td class="content">\n				#if ($content.getData() != "")\n					$content.getData()\n				#end\n			</td>\n			<td class="screenshots">\n				#if ($thumb-image1.getData() != "")\n					#if ($full-image1.getData() != "")\n						<a href="$full-image1.getData()" target="_blank">\n					#end\n\n					<img src="$thumb-image1.getData()">\n\n					#if ($full-image1.getData() != "")\n						</a>\n					#end\n				#end\n\n				#if ($thumb-image2.getData() != "")\n					#if ($full-image2.getData() != "")\n						<a href="$full-image2.getData()" target="_blank">\n					#end\n\n					<img src="$thumb-image2.getData()">\n\n					#if ($full-image2.getData() != "")\n						</a>\n					#end\n				#end\n\n				#if ($thumb-image3.getData() != "")\n					#if ($full-image3.getData() != "")\n						<a href="$full-image3.getData()" target="_blank">\n					#end\n\n					<img src="$thumb-image3.getData()">\n\n					#if ($full-image3.getData() != "")\n						</a>\n					#end\n				#end\n\n				#if ($thumb-image4.getData() != "")\n					#if ($full-image4.getData() != "")\n						<a href="$full-image4.getData()" target="_blank">\n					#end\n\n					<img src="$thumb-image4.getData()">\n\n					#if ($full-image4.getData() != "")\n						</a>\n					#end\n				#end\n\n				#if ($thumb-image5.getData() != "")\n					#if ($full-image5.getData() != "")\n						<a href="$full-image5.getData()" target="_blank">\n					#end\n\n					<img src="$thumb-image5.getData()">\n\n					#if ($full-image5.getData() != "")\n						</a>\n					#end\n				#end\n\n				#if ($thumb-image6.getData() != "")\n					#if ($full-image6.getData() != "")\n						<a href="$full-image6.getData()" target="_blank">\n					#end\n\n					<img src="$thumb-image6.getData()">\n\n					#if ($full-image6.getData() != "")\n						</a>\n					#end\n				#end\n\n				#if ($thumb-image7.getData() != "")\n					#if ($full-image7.getData() != "")\n						<a href="$full-image7.getData()" target="_blank">\n					#end\n\n					<img src="$thumb-image7.getData()">\n\n					#if ($full-image7.getData() != "")\n						</a>\n					#end\n				#end\n\n				#if ($thumb-image8.getData() != "")\n					#if ($full-image8.getData() != "")\n						<a href="$full-image8.getData()" target="_blank">\n					#end\n\n					<img src="$thumb-image8.getData()">\n\n					#if ($full-image8.getData() != "")\n						</a>\n					#end\n				#end\n\n				#if ($thumb-image9.getData() != "")\n					#if ($full-image9.getData() != "")\n						<a href="$full-image9.getData()" target="_blank">\n					#end\n\n					<img src="$thumb-image9.getData()">\n\n					#if ($full-image9.getData() != "")\n						</a>\n					#end\n				#end\n			</td>\n		</tr>\n		</table>\n	</div>\n</div>', 'vm', 0, 6353, ''
6354, 14, 1, 2, 'Joe Bloggs', 20050101, 20050101, 'SINGLE-IMAGE', 'SINGLE-IMAGE', 'Single Image', 'A single image with an optional link.', '#set ($url = "$image-link.getData()")\n\n<div class="journal-single-image-container">\n	#if ($url != "")<a href="$url">#end<img src="$image.getData()" />#if ($url != "")</a>#end\n</div>', 'vm', 0, 6355, ''
6356, 14, 1, 2, 'Joe Bloggs', 20050101, 20050101, 'TEXT-OVER-IMAGE', 'BASIC-ARTICLE', 'Text over Image', 'Image is background for the content.', '<div class="journal-basic-image-text-container">\n#if ($image.getData() != "")\n	<div style="background-image: url($image.getData())">\n#else\n	<div>\n#end\n\n	#if ($content.getData() != "")\n		$content.getData()\n	#end\n	</div>\n</div>', 'vm', 0, 6357, ''
6358, 14, 1, 2, 'Joe Bloggs', 20050101, 20050101, 'THREE-POINTS-ICONS', 'THREE-POINTS-ICONS', 'Three Points w/ Icons', 'Three major points with icons on the left of the header.', '<div class="journal-three-points-icons-container">\n	<table>\n		<tbody>\n			<tr>\n				<td>\n					<div class="container">\n						<div class="top">\n							#if ($point-1-header-link.getData() != "")\n								<a href="$point-1-header-link.getData()">\n							#end\n							#if ($point-1-icon.getData() != "")\n								<img src="$point-1-icon.getData()" />\n							#end\n							#if ($point-1-header.getData() != "") \n								<h2>$point-1-header.getData()</h2>\n							#else\n								<h2>&nbsp</h2>\n							#end\n							#if ($point-1-header-link.getData() != "")\n								</a>\n							#end\n						</div>\n						<div class="content">\n							#if ($point-1-description.getData() != "")\n								<p>$point-1-description.getData()</p>\n							#else\n								<p>&nbsp</p>\n							#end\n						</div>\n					</div>\n				</td>\n				<td>\n					<div class="container">\n						<div class="top">\n							#if ($point-2-header-link.getData() != "")\n								<a href="$point-2-header-link.getData()">\n							#end\n							#if ($point-2-icon.getData() != "")\n								<img src="$point-2-icon.getData()" />\n							#end\n							#if ($point-2-header.getData() != "") \n								<h2>$point-2-header.getData()</h2>\n							#else\n								<h2>&nbsp</h2>\n							#end\n							#if ($point-2-header-link.getData() != "")\n								</a>\n							#end\n						</div>\n						<div class="content">\n							#if ($point-2-description.getData() != "")\n								<p>$point-2-description.getData()</p>\n							#else\n								<p>&nbsp</p>\n							#end\n						</div>\n					</div>\n				</td>\n				<td>\n					<div class="container">\n						<div class="top">\n							#if ($point-3-header-link.getData() != "")\n								<a href="$point-3-header-link.getData()">\n							#end\n							#if ($point-3-icon.getData() != "")\n								<img src="$point-3-icon.getData()" />\n							#end\n							#if ($point-3-header.getData() != "") \n								<h2>$point-3-header.getData()</h2>\n							#else\n								<h2>&nbsp</h2>\n							#end\n							#if ($point-3-header-link.getData() != "")\n								</a>\n							#end\n						</div>\n						<div class="content">\n							#if ($point-3-description.getData() != "")\n								<p>$point-3-description.getData()</p>\n							#else\n								<p>&nbsp</p>\n							#end\n						</div>\n					</div>\n				</td>\n			</tr>\n		</tbody>\n	</table>\n</div>', 'vm', 0, 6359, ''
